{"cameraMode":{"drawMode":0,"name":"Shaded","section":"Shading Mode"},"sceneLighting":false,"audioPlay":false,"sceneViewState":{"showFog":true,"showMaterialUpdate":false,"showSkybox":true,"showFlares":true,"showImageEffects":true,"showParticleSystems":true},"in2DMode":false,"pivot":{"x":75.13082885742188,"y":53.43321990966797,"z":-2.8958334922790529},"rotation":{"x":0.019881995394825937,"y":-0.9613334536552429,"z":0.2650226652622223,"w":0.07215015590190888},"size":102.74676513671875,"orthographic":true}